{"_id":{"$oid":"68515cfa5d056f3e7a50eb6c"},"name":"a","roll_no":"001","email":"a@mail.com","phone":"9999999999","address":{"area":"abc nagar","city":"Chennai","state":"X"},"enrolledCourses":[{"courseId":{"$oid":"68515ce05d056f3e7a50eb68"},"courseName":"Maths"},"Maths","Physics","Chemistry","English Literature"],"marks":[{"course":"Maths","score":95},{"course":"Physics","score":91}],"graduated":false}
{"_id":{"$oid":"68515cfa5d056f3e7a50eb6d"},"name":"b","roll_no":"002","email":"b@mail.com","phone":"2222222222","address":{"area":"White Town","city":"Bangalore","state":"KA"},"enrolledCourses":["Maths","English Literature"],"marks":[{"course":"Maths","score":76}],"graduated":false}
{"_id":{"$oid":"68515cfa5d056f3e7a50eb6e"},"name":"c","roll_no":"003","email":"c@mail.com","phone":"3333333333","address":{"area":"Green Avenue","city":"Mumbai","state":"MH"},"enrolledCourses":["Physics","English Literature","History","Computer Science"],"marks":[{"course":"Physics","score":93},{"course":"Maths","score":58}],"graduated":false}
{"_id":{"$oid":"68515d1b5d056f3e7a50eb6f"},"name":"d","roll_no":"004","email":"d@mail.com","phone":"4444444444","address":{"area":"Blue Colony","city":"Delhi","state":"DL"},"enrolledCourses":["Chemistry","English Literature"],"marks":[{"course":"Maths","score":92}],"graduated":false}
{"_id":{"$oid":"68516c135d056f3e7a50eb72"},"name":"e","roll_no":"005","email":"e@mail.com","enrolledCourses":[],"marks":[{"course":"Physics","score":48}]}
